ticker,date,overnight_gap,alpaca_close_to_close,raw_close_to_close,excluded,verdict
MRNA,2026-08-19,1.0064,1.7783,1.7697,False,sources agree - real price move
HONA,2026-06-16,0.4875,0.3498,,False,no raw comparison
HON,2026-06-29,-0.4629,-0.5078,-0.0190,True,SOURCES DISAGREE - corporate action likely
FLEX,2026-05-06,0.3422,0.3976,0.3969,False,sources agree - real price move
DELL,2026-05-29,0.3126,0.3252,0.3276,False,sources agree - real price move
DDOG,2026-05-07,0.3029,0.3149,0.3133,False,sources agree - real price move
NTAP,2026-05-29,0.2775,0.2210,0.2239,False,sources agree - real price move
HPE,2026-06-02,0.2716,0.1941,0.1947,False,sources agree - real price move
INTC,2026-04-24,0.2556,0.2350,0.2360,False,sources agree - real price move
TTD,2026-08-07,-0.2456,-0.2196,-0.2190,False,sources agree - real price move
GNRC,2026-09-17,0.2409,0.1845,0.1834,False,sources agree - real price move
IBM,2026-07-14,-0.2388,-0.2523,-0.2521,False,sources agree - real price move
NXPI,2026-04-29,0.2372,0.2559,0.2555,False,sources agree - real price move
GDDY,2026-07-31,-0.2361,-0.1671,-0.1670,False,sources agree - real price move
PAYC,2026-08-06,0.2308,0.2377,0.2355,False,sources agree - real price move
MRVL,2026-06-02,0.2247,0.3267,0.3252,False,sources agree - real price move
AKAM,2026-05-08,0.2202,0.2664,0.2658,False,sources agree - real price move
HONA,2026-08-06,-0.2072,-0.2329,-0.2316,False,sources agree - real price move
FDX,2026-06-01,-0.2059,-0.1776,-0.1779,True,sources agree - real price move
FTNT,2026-05-07,0.2057,0.1994,0.2003,False,sources agree - real price move
