ticker,bars,buckets,coverage
A,5109,5109,1.0000
AAPL,5109,5109,1.0000
ABBV,5109,5109,1.0000
ABNB,5109,5109,1.0000
ABT,5109,5109,1.0000
ACGL,5109,5109,1.0000
ACN,5109,5109,1.0000
ADBE,5109,5109,1.0000
ADI,5109,5109,1.0000
ADM,5109,5109,1.0000
ADP,5109,5109,1.0000
ADSK,5109,5109,1.0000
AEE,5109,5109,1.0000
AEP,5109,5109,1.0000
AES,5109,5109,1.0000
AFL,5109,5109,1.0000
AIG,5109,5109,1.0000
AIZ,5078,5109,0.9939
AJG,5109,5109,1.0000
AKAM,5109,5109,1.0000
ALB,5109,5109,1.0000
ALGN,5108,5109,0.9998
ALL,5109,5109,1.0000
ALLE,5109,5109,1.0000
AMAT,5109,5109,1.0000
AMCR,5109,5109,1.0000
AMD,5109,5109,1.0000
AME,5109,5109,1.0000
AMGN,5109,5109,1.0000
AMP,5109,5109,1.0000
AMT,5109,5109,1.0000
AMZN,5109,5109,1.0000
ANET,5109,5109,1.0000
AON,5109,5109,1.0000
AOS,5109,5109,1.0000
APA,5109,5109,1.0000
APD,5109,5109,1.0000
APH,5109,5109,1.0000
APO,5109,5109,1.0000
APP,5109,5109,1.0000
APTV,5109,5109,1.0000
ARE,5109,5109,1.0000
ARES,5109,5109,1.0000
ATO,5108,5109,0.9998
AVB,3978,5109,0.7786
AVGO,5109,5109,1.0000
AVY,5106,5109,0.9994
AWK,5109,5109,1.0000
AXON,5109,5109,1.0000
AXP,5109,5109,1.0000
AZO,5109,5109,1.0000
BA,5109,5109,1.0000
BAC,5109,5109,1.0000
BALL,5109,5109,1.0000
BAX,5109,5109,1.0000
BBY,5109,5109,1.0000
BDX,5109,5109,1.0000
BEN,5109,5109,1.0000
BF.B,5109,5109,1.0000
BG,5109,5109,1.0000
BIIB,5109,5109,1.0000
BKNG,5109,5109,1.0000
BKR,5109,5109,1.0000
BLDR,5109,5109,1.0000
BLK,5109,5109,1.0000
BMY,5109,5109,1.0000
BNY,5109,5109,1.0000
BR,5109,5109,1.0000
BRK.B,5109,5109,1.0000
BRO,5109,5109,1.0000
BSX,5109,5109,1.0000
BX,5109,5109,1.0000
BXP,5109,5109,1.0000
C,5109,5109,1.0000
CAG,5109,5109,1.0000
CAH,5109,5109,1.0000
CARR,5109,5109,1.0000
CASY,5107,5109,0.9996
CAT,5109,5109,1.0000
CB,5109,5109,1.0000
CBOE,5106,5109,0.9994
CBRE,5109,5109,1.0000
CCI,5109,5109,1.0000
CCL,5109,5109,1.0000
CDNS,5109,5109,1.0000
CDW,5109,5109,1.0000
CEG,5109,5109,1.0000
CF,5109,5109,1.0000
CFG,5109,5109,1.0000
CHD,5109,5109,1.0000
CHRW,5109,5109,1.0000
CHTR,5109,5109,1.0000
CI,5109,5109,1.0000
CIEN,5107,5109,0.9996
CINF,5105,5109,0.9992
CL,5109,5109,1.0000
CLX,5109,5109,1.0000
CMCSA,5109,5109,1.0000
CME,5109,5109,1.0000
CMG,5109,5109,1.0000
CMI,5109,5109,1.0000
CMS,5109,5109,1.0000
CNC,5109,5109,1.0000
CNP,5109,5109,1.0000
COF,5109,5109,1.0000
COHR,5109,5109,1.0000
COIN,5109,5109,1.0000
COO,5109,5109,1.0000
COP,5109,5109,1.0000
COR,5109,5109,1.0000
COST,5109,5109,1.0000
CPAY,5109,5109,1.0000
CPB,5109,5109,1.0000
CPRT,5109,5109,1.0000
CPT,5109,5109,1.0000
CRH,5109,5109,1.0000
CRL,5109,5109,1.0000
CRM,5109,5109,1.0000
CRWD,5109,5109,1.0000
CSCO,5109,5109,1.0000
CSGP,5109,5109,1.0000
CSX,5109,5109,1.0000
CTAS,5109,5109,1.0000
CTRA,1287,5109,0.2519
CTSH,5109,5109,1.0000
CTVA,5109,5109,1.0000
CVNA,5109,5109,1.0000
CVS,5109,5109,1.0000
CVX,5109,5109,1.0000
D,5109,5109,1.0000
DAL,5109,5109,1.0000
DASH,5109,5109,1.0000
DD,5109,5109,1.0000
DDOG,5109,5109,1.0000
DE,5109,5109,1.0000
DECK,5109,5109,1.0000
DELL,5109,5109,1.0000
DG,5109,5109,1.0000
DGX,5109,5109,1.0000
DHI,5109,5109,1.0000
DHR,5109,5109,1.0000
DIS,5109,5109,1.0000
DLR,5109,5109,1.0000
DLTR,5109,5109,1.0000
DOC,5109,5109,1.0000
DOV,5108,5109,0.9998
DOW,5109,5109,1.0000
DPZ,5109,5109,1.0000
DRI,5109,5109,1.0000
DTE,5109,5109,1.0000
DUK,5109,5109,1.0000
DVA,5109,5109,1.0000
DVN,5109,5109,1.0000
DXCM,5109,5109,1.0000
EA,3665,5109,0.7174
EBAY,5109,5109,1.0000
ECHO,5109,5109,1.0000
ECL,5109,5109,1.0000
ED,5109,5109,1.0000
EFX,5109,5109,1.0000
EG,5109,5109,1.0000
EIX,5109,5109,1.0000
EL,5109,5109,1.0000
ELV,5109,5109,1.0000
EME,5109,5109,1.0000
EMR,5109,5109,1.0000
EOG,5109,5109,1.0000
EPAM,5109,5109,1.0000
EQIX,5109,5109,1.0000
EQR,4017,5109,0.7863
EQT,5109,5109,1.0000
ERIE,4880,5109,0.9552
ES,5109,5109,1.0000
ESS,5087,5109,0.9957
ETN,5109,5109,1.0000
ETR,5109,5109,1.0000
EVRG,5109,5109,1.0000
EW,5109,5109,1.0000
EXC,5109,5109,1.0000
EXE,5109,5109,1.0000
EXPD,5109,5109,1.0000
EXPE,5109,5109,1.0000
EXR,5109,5109,1.0000
F,5109,5109,1.0000
FANG,5109,5109,1.0000
FAST,5109,5109,1.0000
FCX,5109,5109,1.0000
FDS,5107,5109,0.9996
FDX,5109,5109,1.0000
FDXF,3198,5109,0.6260
FE,5109,5109,1.0000
FERG,5109,5109,1.0000
FFIV,5109,5109,1.0000
FICO,5109,5109,1.0000
FIS,5109,5109,1.0000
FISV,5109,5109,1.0000
FITB,5109,5109,1.0000
FIX,5109,5109,1.0000
FLEX,5109,5109,1.0000
FOX,5109,5109,1.0000
FOXA,5109,5109,1.0000
FRT,5109,5109,1.0000
FSLR,5109,5109,1.0000
FTNT,5109,5109,1.0000
FTV,5109,5109,1.0000
GD,5109,5109,1.0000
GDDY,5109,5109,1.0000
GE,5109,5109,1.0000
GEHC,5109,5109,1.0000
GEN,5109,5109,1.0000
GEV,5109,5109,1.0000
GILD,5109,5109,1.0000
GIS,5109,5109,1.0000
GL,5096,5109,0.9975
GLW,5109,5109,1.0000
GM,5109,5109,1.0000
GNRC,5109,5109,1.0000
GOOG,5109,5109,1.0000
GOOGL,5109,5109,1.0000
GPC,5109,5109,1.0000
GPN,5109,5109,1.0000
GRMN,5107,5109,0.9996
GS,5109,5109,1.0000
GWW,5109,5109,1.0000
HAL,5109,5109,1.0000
HAS,5109,5109,1.0000
HBAN,5109,5109,1.0000
HCA,5109,5109,1.0000
HD,5109,5109,1.0000
HIG,5109,5109,1.0000
HII,5109,5109,1.0000
HLT,5109,5109,1.0000
HOLX,429,5109,0.0840
HON,5109,5109,1.0000
HONA,2619,5109,0.5126
HOOD,5109,5109,1.0000
HPE,5109,5109,1.0000
HPQ,5109,5109,1.0000
HRL,5109,5109,1.0000
HSIC,5109,5109,1.0000
HST,5109,5109,1.0000
HSY,5107,5109,0.9996
HUBB,5109,5109,1.0000
HUM,5109,5109,1.0000
HWM,5109,5109,1.0000
IBKR,5109,5109,1.0000
IBM,5109,5109,1.0000
ICE,5109,5109,1.0000
IDXX,5109,5109,1.0000
IEX,5103,5109,0.9988
IFF,5109,5109,1.0000
INCY,5109,5109,1.0000
INTC,5109,5109,1.0000
INTU,5109,5109,1.0000
INVH,5109,5109,1.0000
IP,5109,5109,1.0000
IQV,5109,5109,1.0000
IR,5109,5109,1.0000
IRM,5109,5109,1.0000
ISRG,5109,5109,1.0000
IT,5109,5109,1.0000
ITW,5109,5109,1.0000
IVZ,5109,5109,1.0000
J,5109,5109,1.0000
JBHT,5109,5109,1.0000
JBL,5109,5109,1.0000
JCI,5109,5109,1.0000
JKHY,5109,5109,1.0000
JNJ,5109,5109,1.0000
JPM,5109,5109,1.0000
KDP,5109,5109,1.0000
KEY,5109,5109,1.0000
KEYS,5109,5109,1.0000
KHC,5109,5109,1.0000
KIM,5109,5109,1.0000
KKR,5109,5109,1.0000
KLAC,5109,5109,1.0000
KMB,5109,5109,1.0000
KMI,5109,5109,1.0000
KO,5109,5109,1.0000
KR,5109,5109,1.0000
KVUE,5109,5109,1.0000
L,5107,5109,0.9996
LDOS,5109,5109,1.0000
LEN,5109,5109,1.0000
LH,5109,5109,1.0000
LHX,5109,5109,1.0000
LII,5109,5109,1.0000
LIN,5109,5109,1.0000
LITE,5109,5109,1.0000
LLY,5109,5109,1.0000
LMT,5109,5109,1.0000
LNT,5109,5109,1.0000
LOW,5109,5109,1.0000
LRCX,5109,5109,1.0000
LULU,5109,5109,1.0000
LUV,5109,5109,1.0000
LVS,5109,5109,1.0000
LW,5109,5109,1.0000
LYB,5109,5109,1.0000
LYV,5109,5109,1.0000
MA,5109,5109,1.0000
MAA,5109,5109,1.0000
MAR,5109,5109,1.0000
MAS,5109,5109,1.0000
MCD,5109,5109,1.0000
MCHP,5109,5109,1.0000
MCK,5109,5109,1.0000
MCO,5109,5109,1.0000
MDLZ,5109,5109,1.0000
MDT,5109,5109,1.0000
MET,5109,5109,1.0000
META,5109,5109,1.0000
MGM,5109,5109,1.0000
MKC,5109,5109,1.0000
MLM,5109,5109,1.0000
MMM,5109,5109,1.0000
MNST,5109,5109,1.0000
MO,5109,5109,1.0000
MOH,5103,5109,0.9988
MOS,5109,5109,1.0000
MPC,5109,5109,1.0000
MPWR,5109,5109,1.0000
MRK,5109,5109,1.0000
MRNA,5109,5109,1.0000
MRSH,5109,5109,1.0000
MRVL,5109,5109,1.0000
MS,5109,5109,1.0000
MSCI,5109,5109,1.0000
MSFT,5109,5109,1.0000
MSI,5109,5109,1.0000
MTB,5108,5109,0.9998
MTCH,5109,5109,1.0000
MTD,5109,5109,1.0000
MU,5109,5109,1.0000
NCLH,5109,5109,1.0000
NDAQ,5109,5109,1.0000
NDSN,5097,5109,0.9977
NEE,5109,5109,1.0000
NEM,5109,5109,1.0000
NFLX,5109,5109,1.0000
NI,5109,5109,1.0000
NKE,5109,5109,1.0000
NOC,5109,5109,1.0000
NOW,5109,5109,1.0000
NRG,5109,5109,1.0000
NSC,5109,5109,1.0000
NTAP,5109,5109,1.0000
NTRS,5109,5109,1.0000
NUE,5109,5109,1.0000
NVDA,5109,5109,1.0000
NVR,4995,5109,0.9777
NWS,5109,5109,1.0000
NWSA,5109,5109,1.0000
NXPI,5109,5109,1.0000
O,5109,5109,1.0000
ODFL,5109,5109,1.0000
OKE,5109,5109,1.0000
OMC,5109,5109,1.0000
ON,5109,5109,1.0000
ORCL,5109,5109,1.0000
ORLY,5109,5109,1.0000
OTIS,5109,5109,1.0000
OXY,5109,5109,1.0000
PANW,5109,5109,1.0000
PAYC,5109,5109,1.0000
PAYX,5109,5109,1.0000
PCAR,5109,5109,1.0000
PCG,5109,5109,1.0000
PEG,5109,5109,1.0000
PEP,5109,5109,1.0000
PFE,5109,5109,1.0000
PFG,5109,5109,1.0000
PG,5109,5109,1.0000
PGR,5109,5109,1.0000
PH,5109,5109,1.0000
PHM,5109,5109,1.0000
PKG,5105,5109,0.9992
PLD,5109,5109,1.0000
PLTR,5109,5109,1.0000
PM,5109,5109,1.0000
PNC,5109,5109,1.0000
PNR,5109,5109,1.0000
PNW,5109,5109,1.0000
PODD,5109,5109,1.0000
POOL,5109,5109,1.0000
PPG,5109,5109,1.0000
PPL,5109,5109,1.0000
PRU,5109,5109,1.0000
PSA,5109,5109,1.0000
PSKY,5109,5109,1.0000
PSX,5109,5109,1.0000
PTC,5109,5109,1.0000
PWR,5109,5109,1.0000
PYPL,5109,5109,1.0000
Q,5109,5109,1.0000
QCOM,5109,5109,1.0000
RCL,5109,5109,1.0000
RDDT,5109,5109,1.0000
REG,5109,5109,1.0000
REGN,5109,5109,1.0000
RF,5109,5109,1.0000
RJF,5109,5109,1.0000
RL,5109,5109,1.0000
RMD,5109,5109,1.0000
ROK,5109,5109,1.0000
ROL,5109,5109,1.0000
ROP,5109,5109,1.0000
ROST,5109,5109,1.0000
RSG,5109,5109,1.0000
RTX,5109,5109,1.0000
RVTY,5109,5109,1.0000
SBAC,5109,5109,1.0000
SBUX,5109,5109,1.0000
SCHW,5109,5109,1.0000
SHW,5109,5109,1.0000
SJM,5109,5109,1.0000
SLB,5109,5109,1.0000
SMCI,5109,5109,1.0000
SNA,5108,5109,0.9998
SNDK,5109,5109,1.0000
SNPS,5109,5109,1.0000
SO,5109,5109,1.0000
SOLV,5109,5109,1.0000
SPG,5109,5109,1.0000
SPGI,5109,5109,1.0000
SPY,5109,5109,1.0000
SRE,5109,5109,1.0000
STE,5105,5109,0.9992
STLD,5109,5109,1.0000
STT,5109,5109,1.0000
STX,5109,5109,1.0000
STZ,5109,5109,1.0000
SW,5109,5109,1.0000
SWK,5109,5109,1.0000
SWKS,5109,5109,1.0000
SYF,5109,5109,1.0000
SYK,5109,5109,1.0000
SYY,5109,5109,1.0000
T,5109,5109,1.0000
TAP,5109,5109,1.0000
TDG,5109,5109,1.0000
TDY,5105,5109,0.9992
TECH,5109,5109,1.0000
TEL,5109,5109,1.0000
TER,5109,5109,1.0000
TFC,5109,5109,1.0000
TGT,5109,5109,1.0000
TJX,5109,5109,1.0000
TKO,5109,5109,1.0000
TMO,5109,5109,1.0000
TMUS,5109,5109,1.0000
TPL,5109,5109,1.0000
TPR,5109,5109,1.0000
TRGP,5109,5109,1.0000
TRMB,5109,5109,1.0000
TROW,5109,5109,1.0000
TRV,5109,5109,1.0000
TSCO,5109,5109,1.0000
TSLA,5109,5109,1.0000
TSN,5109,5109,1.0000
TT,5109,5109,1.0000
TTD,5109,5109,1.0000
TTWO,5109,5109,1.0000
TXN,5109,5109,1.0000
TXT,5109,5109,1.0000
TYL,5109,5109,1.0000
UAL,5109,5109,1.0000
UBER,5109,5109,1.0000
UDR,5109,5109,1.0000
UHS,5106,5109,0.9994
ULTA,5109,5109,1.0000
UNH,5109,5109,1.0000
UNP,5109,5109,1.0000
UPS,5109,5109,1.0000
URI,5109,5109,1.0000
USB,5109,5109,1.0000
V,5109,5109,1.0000
VEEV,5109,5109,1.0000
VICI,5109,5109,1.0000
VLO,5109,5109,1.0000
VLTO,5109,5109,1.0000
VMC,5109,5109,1.0000
VMRK,5109,5109,1.0000
VRSK,5109,5109,1.0000
VRSN,5109,5109,1.0000
VRT,5109,5109,1.0000
VRTX,5109,5109,1.0000
VST,5109,5109,1.0000
VTR,5109,5109,1.0000
VTRS,5109,5109,1.0000
VZ,5109,5109,1.0000
WAB,5109,5109,1.0000
WAT,5109,5109,1.0000
WBD,5109,5109,1.0000
WDAY,5109,5109,1.0000
WDC,5109,5109,1.0000
WEC,5109,5109,1.0000
WELL,5109,5109,1.0000
WFC,5109,5109,1.0000
WM,5109,5109,1.0000
WMB,5109,5109,1.0000
WMT,5109,5109,1.0000
WRB,5109,5109,1.0000
WSM,5109,5109,1.0000
WST,5098,5109,0.9978
WTW,5109,5109,1.0000
WY,5109,5109,1.0000
WYNN,5109,5109,1.0000
XEL,5109,5109,1.0000
XLB,5109,5109,1.0000
XLC,5109,5109,1.0000
XLE,5109,5109,1.0000
XLF,5109,5109,1.0000
XLI,5109,5109,1.0000
XLK,5109,5109,1.0000
XLP,5109,5109,1.0000
XLRE,5109,5109,1.0000
XLU,5109,5109,1.0000
XLV,5109,5109,1.0000
XLY,5109,5109,1.0000
XOM,5109,5109,1.0000
XYL,5109,5109,1.0000
XYZ,5109,5109,1.0000
YUM,5109,5109,1.0000
ZBH,5109,5109,1.0000
ZBRA,5107,5109,0.9996
ZTS,5109,5109,1.0000
