date,equity_daily,equity_intraday,sector_daily,sector_intraday,spy_close,spy_intraday
2026-03-20,648.5700,648.5700,648.5700,648.5700,648.5700,648.5700
2026-03-23,656.1719,655.8366,653.7781,653.5417,655.3800,655.4053
2026-03-24,653.7286,653.5476,652.3358,652.2136,653.1800,653.2302
2026-03-25,657.3944,657.1640,655.6061,655.4916,656.8200,656.7704
2026-03-26,645.9163,645.6044,644.2892,644.0445,645.0900,645.1248
2026-03-27,635.1427,634.7152,634.1376,633.8567,634.0900,634.1093
2026-03-30,632.6266,632.3222,631.1441,630.9750,631.9700,632.0492
2026-03-31,651.0964,650.7630,648.2064,647.9679,650.3400,650.2651
2026-04-01,655.8487,655.6326,652.6666,652.4983,655.2400,655.2003
2026-04-02,656.3851,656.1329,653.7092,653.6066,655.8300,655.9103
2026-04-06,659.2492,658.9983,656.6462,656.4883,658.9300,658.9005
2026-04-07,659.5437,659.2711,656.4253,656.2537,659.2200,659.3005
2026-04-08,676.0435,675.8292,672.4647,672.3141,676.0100,675.9013
2026-04-09,680.2381,679.8864,675.4514,675.1616,679.9100,679.9014
2026-04-10,679.4910,679.2259,673.5704,673.3310,679.4600,679.3414
2026-04-13,686.5317,686.1256,681.1189,680.8545,686.1000,686.0417
2026-04-14,694.7653,694.5021,687.7773,687.4650,694.4600,694.4321
2026-04-15,700.5226,700.1926,691.8342,691.5570,699.9400,699.8724
2026-04-16,702.4228,702.0082,694.9497,694.7663,701.6600,701.5825
2026-04-17,710.9589,710.5948,703.1497,702.8275,710.1400,710.0728
2026-04-20,709.3754,709.1296,702.7682,702.5264,708.7200,708.7228
2026-04-21,705.0330,704.8137,698.7478,698.5396,704.0800,704.1826
2026-04-22,712.3956,712.0018,704.6183,704.4388,711.2100,711.2429
2026-04-23,709.3882,709.1387,701.8633,701.5763,708.4500,708.4728
2026-04-24,714.7467,714.3336,705.7883,705.7138,713.9400,714.0130
2026-04-27,715.3943,715.1521,705.7046,705.4699,715.1700,715.1831
2026-04-28,711.7835,711.5187,701.4446,701.2605,711.6900,711.7129
2026-04-29,711.6186,711.5053,702.3568,702.1706,711.5800,711.6229
2026-04-30,719.5046,719.1919,709.7034,709.2521,718.6600,718.4632
2026-05-01,721.8432,721.5794,711.8066,711.6267,720.6500,720.7033
2026-05-04,719.0725,718.8789,709.2581,709.1056,718.0100,718.1032
2026-05-05,724.9068,724.6298,715.8308,715.5481,723.7700,723.7735
2026-05-06,735.5064,735.0145,726.0728,725.7405,733.8300,733.8239
2026-05-07,732.6998,732.4497,722.7137,722.5184,731.5800,731.5938
2026-05-08,738.9928,738.6251,729.9931,729.8812,737.6200,737.5641
2026-05-11,740.2513,739.9953,732.9791,732.7728,739.3000,739.2942
2026-05-12,738.8825,738.7300,730.6859,730.6002,738.1800,738.2541
2026-05-13,743.5406,743.2275,733.0850,732.9691,742.3100,742.3243
2026-05-14,749.1165,748.8477,738.2191,737.9674,748.1700,748.1846
2026-05-15,739.6955,739.4375,728.7026,728.6118,739.1700,739.1242
2026-05-18,738.9317,738.6848,728.6076,728.3748,738.6500,738.5942
2026-05-19,734.0772,733.8749,724.5113,724.2706,733.7300,733.7939
2026-05-20,742.0064,741.6661,733.4319,733.1570,741.2500,741.3343
2026-05-21,743.0456,742.7490,736.1632,735.8496,742.7200,742.7844
2026-05-22,745.8307,745.4979,740.6218,740.3313,745.6400,745.6245
2026-05-26,750.4639,750.2488,747.1425,747.0710,750.5900,750.5247
2026-05-27,750.6897,750.4576,747.4345,747.2315,750.4600,750.5047
2026-05-28,755.2270,754.9402,751.8215,751.6146,754.6000,754.6749
2026-05-29,756.7828,756.4836,754.9698,754.9130,756.4800,756.4350
2026-06-01,758.6997,758.4186,758.2911,758.0800,758.5400,758.4651
2026-06-02,760.1654,759.8793,760.8797,760.6182,759.5700,759.4851
2026-06-03,754.6965,754.7118,756.2534,756.0402,754.2400,754.2249
2026-06-04,758.1388,757.9253,757.8634,757.5684,757.0900,757.0950
2026-06-05,737.5774,737.3243,736.2472,736.0010,737.5500,737.4541
2026-06-08,740.1422,739.7982,740.5238,740.3995,739.2200,739.3442
2026-06-09,737.9253,737.4695,739.0846,738.9189,737.0500,737.0841
2026-06-10,725.9793,725.6848,728.5636,728.1270,725.4300,725.4536
2026-06-11,738.6904,738.0840,743.9054,743.5535,737.7600,737.6741
2026-06-12,742.3810,741.9807,748.5318,748.3515,741.7500,741.6643
2026-06-15,754.7847,754.6130,760.4294,760.3387,754.8300,754.6949
2026-06-16,750.2050,749.9723,754.4616,754.3078,750.3300,750.4247
2026-06-17,740.9941,740.6643,745.9487,745.6999,740.9600,741.0543
2026-06-18,749.1074,748.4376,754.1234,753.6913,746.7400,746.5945
2026-06-22,746.1452,745.8109,752.2617,751.9075,744.3900,744.4044
2026-06-23,735.5262,735.2394,741.0146,740.7912,733.5800,733.7039
2026-06-24,734.6333,734.3785,740.8099,740.5768,733.2400,733.1539
2026-06-25,734.3652,734.2153,743.5151,743.4389,734.3000,733.2939
2026-06-26,734.1379,731.9107,741.1806,740.5020,728.9900,729.1237
2026-06-29,743.0384,742.5905,750.7665,750.5418,741.0000,740.9143
2026-06-30,748.5643,747.8666,756.3686,756.0443,746.7700,746.3545
2026-07-01,746.9395,746.6947,753.0706,752.7838,745.7600,745.7245
2026-07-02,746.7894,745.9968,750.0229,749.7000,744.7800,744.8345
2026-07-06,752.4486,752.2684,755.3733,755.3038,751.2800,751.3348
2026-07-07,749.1128,748.8141,750.0260,749.9078,747.7100,747.7246
2026-07-08,746.8348,746.4192,747.0173,746.7918,745.4000,745.3745
2026-07-09,752.9658,752.5960,754.8197,754.6243,751.7100,751.6748
2026-07-10,756.0371,755.6934,757.3799,757.1643,754.9500,754.9349
2026-07-13,750.0310,749.8019,751.1701,750.8769,749.1700,749.1347
2026-07-14,752.6961,752.4636,752.8420,752.5302,751.8300,751.8848
2026-07-15,755.6139,755.3185,752.0134,751.7753,754.8100,754.7749
2026-07-16,751.7374,751.4702,749.1994,748.9433,750.7200,750.7947
2026-07-17,744.1370,743.7648,742.1234,741.8498,743.2900,743.2644
2026-07-20,742.4673,742.3623,739.9839,739.8277,742.0900,742.1343
2026-07-21,748.8709,748.4376,747.8238,747.4983,748.2800,748.3496
2026-07-22,747.6922,747.3815,746.4853,746.1743,747.4100,747.4246
2026-07-23,737.8277,737.4579,738.8091,738.5682,738.1800,738.2741
2026-07-24,738.1641,737.9211,738.5998,738.3640,738.9300,738.8842
2026-07-27,738.5228,738.2767,739.2977,739.1760,739.0900,739.0542
2026-07-28,740.1693,740.0282,740.0873,739.7038,740.8600,740.7943
2026-07-29,729.1118,729.0462,728.7848,728.4459,729.4600,729.5437
2026-07-30,740.8954,740.8857,740.1467,739.9399,741.6900,741.7443
2026-07-31,746.4993,746.2993,742.6146,742.2220,747.0300,746.8445
2026-08-03,757.7904,757.4905,751.7345,751.5529,757.6700,757.7050
2026-08-04,771.0562,770.8490,767.7698,767.5009,771.3300,771.2857
2026-08-05,769.5975,769.2538,766.2097,765.9061,769.7900,769.7956
2026-08-06,768.1632,767.9350,764.3687,764.2103,768.5600,768.5656
2026-08-07,772.9278,772.5014,769.9110,769.6507,773.2600,773.2358
2026-08-10,772.7192,772.4095,769.7362,769.5951,773.0300,773.0958
2026-08-11,770.1931,769.8545,769.2074,769.1070,770.5600,770.4556
2026-08-12,772.3541,772.0549,772.5285,772.2644,772.4900,772.5557
2026-08-13,777.4832,777.2715,778.4345,778.1942,777.8800,777.8360
2026-08-14,776.0985,775.7659,777.6674,777.4688,776.3400,776.3359
2026-08-17,771.9327,771.7643,773.9986,773.6968,772.6700,772.7157
2026-08-18,766.7684,766.6118,767.6323,767.4485,767.4500,767.4455
2026-08-19,768.6878,768.5691,768.6885,768.5311,769.0600,769.0956
2026-08-20,761.5081,761.4392,762.6261,762.4510,762.6000,762.6553
2026-08-21,765.1298,764.8746,766.4413,766.2045,765.7200,765.7254
2026-08-24,762.9556,762.6824,763.7660,763.4966,763.4700,763.4953
2026-08-25,765.2788,764.8911,766.0425,765.8179,765.9100,765.8654
2026-08-26,764.9751,764.7793,766.7501,766.6127,766.0800,766.0454
2026-08-27,770.2449,769.7853,770.9121,770.7848,771.1000,771.1057
2026-08-28,768.4826,768.1120,768.0931,767.7945,769.3500,769.3756
2026-08-31,766.0891,765.9213,766.1824,765.8708,767.0500,766.9855
2026-09-01,760.4290,760.2051,759.3495,759.1876,761.7800,761.6952
2026-09-02,763.9502,763.6847,762.2131,762.0172,765.1600,765.1754
2026-09-03,772.3338,772.0254,769.5782,769.3841,773.1700,773.1958
2026-09-04,769.1595,768.7689,767.7672,767.5582,770.1900,770.2656
2026-09-08,764.9466,764.6900,764.3744,764.1961,765.9600,765.9754
2026-09-09,761.1609,760.9524,760.6639,760.5134,762.4000,762.3753
2026-09-10,756.6046,756.3690,755.1000,754.8609,757.8300,757.8651
2026-09-11,763.1316,762.7518,761.6712,761.4142,764.2900,764.2303
2026-09-14,759.5191,759.2101,757.7406,757.4443,760.8800,760.8152
2026-09-15,755.9557,755.6821,754.3571,754.1443,757.3900,757.4150
2026-09-16,752.5582,752.3819,750.8877,750.7260,754.0500,754.1299
2026-09-17,761.1473,760.9219,758.4582,758.2561,762.6000,762.6653
2026-09-18,762.2873,761.5361,758.6435,758.4763,761.6900,761.6752
